y,x
51.67855658,1515395409
52.03575968,1515395475
52.38678286,1515395541
52.73691414,1515395608
53.0370357,1515395674
53.03847647,1515395741
53.00772051,1515395808
52.97747776,1515395874
52.93082135,1515395976
52.90071424,1515396042
52.87066033,1515396108
52.84020502,1515396175
52.81025817,1515396241
52.77991144,1515396308
52.74961935,1515396375
52.71983314,1515396441
52.6738817,1515396543
52.64423015,1515396609
52.6146314,1515396675
52.58463775,1515396742
52.55514526,1515396808
52.52525939,1515396875
52.49587299,1515396941
52.4660947,1515397008
52.42217393,1515397107
52.39297215,1515397173
52.36338111,1515397240
52.33428488,1515397306
52.30480091,1515397373
52.27581004,1515397439
52.24643293,1515397506
52.21710958,1515397573
52.17386041,1515397672
52.14510575,1515397738
52.11596821,1515397805
52.08731829,1515397871
52.05828696,1515397938
52.02974158,1515398004
52.00081629,1515398071
51.97194433,1515398138
51.92850126,1515398239
51.89976286,1515398306
51.87150575,1515398372
51.84330018,1515398438
51.81471951,1515398505
51.78619185,1515398572
51.75814214,1515398638
51.72971955,1515398705
51.69076409,1515398797
51.66288922,1515398863
51.63506551,1515398929
51.60687212,1515398996
51.83103767,1515399062
52.19098058,1515399129
52.54458165,1515399196
52.88672236,1515399262
53.4061726,1515399364
53.73305597,1515399430
54.05894221,1515399497
54.37408089,1515399563
54.68349129,1515399629
54.99184238,1515399696
55.29442799,1515399763
55.58688765,1515399829
55.79749275,1515399931
55.7625351,1515399997
55.72710535,1515400064
55.69226194,1515400130
55.65694808,1515400197
55.62221874,1515400263
55.58702063,1515400330
55.55188077,1515400397
55.4989965,1515400498
55.46452488,1515400564
55.42958823,1515400631
55.39523023,1515400697
55.36040885,1515400764
55.32616434,1515400830
55.29145809,1515400897
55.25680977,1515400964
55.20466602,1515401065
55.17067784,1515401131
55.13623162,1515401198
55.43162868,1515401264
55.7259252,1515401331
56.01032191,1515401397
56.2935912,1515401464
56.57141224,1515401531
56.97398024,1515401630
57.23462818,1515401696
57.39090506,1515401763
57.35342305,1515401829
57.31543207,1515401896
57.2775009,1515401963
57.24019475,1515402029
57.2023822,1515402096
57.14490775,1515402198
57.10780794,1515402264
57.070766,1515402330
57.03322154,1515402397
56.99573666,1515402464
56.95886993,1515402530
56.92150323,1515402597
56.88419603,1515402664
56.82804645,1515402765
56.79088832,1515402832
56.75434328,1515402898
56.717303,1515402965
56.68087399,1515403031
56.64395142,1515403098
56.60763832,1515403164
56.57083335,1515403231
56.51598891,1515403331
56.47987858,1515403397
56.44382561,1515403463
56.40728458,1515403530
56.3708026,1515403597
56.33492326,1515403663
56.29855839,1515403730
56.26225248,1515403797
56.20977547,1515403894
56.17415346,1515403960
56.13804967,1515404027
56.10254267,1515404093
56.06655557,1515404160
56.03116344,1515404226
55.99529289,1515404293
55.959481,1515404360
55.90505066,1515404462
55.86991892,1515404528
55.83484399,1515404594
55.79929525,1515404661
55.76433468,1515404727
55.72890197,1515404794
55.69352766,1515404861
55.65873881,1515404927
55.5776969,1515405081
55.54309673,1515405147
55.50855304,1515405213
55.47354326,1515405280
55.43911328,1515405346
55.70437452,1515405413
55.99349088,1515405480
56.27285012,1515405546
56.69641061,1515405648
56.96239611,1515405714
57.22722006,1515405781
57.48296998,1515405847
57.73754533,1515405914
57.7879928,1515405981
57.74989949,1515406047
57.71128824,1515406114
57.65259842,1515406216
57.61471277,1515406282
57.57631223,1515406349
57.53854393,1515406415
57.50026247,1515406482
57.46261142,1515406548
57.42444892,1515406615
57.38634631,1515406682
57.3358119,1515406771
57.29784864,1515406838
57.26051089,1515406904
57.22266629,1515406971
57.18544538,1515407037
57.14771932,1515407104
57.11061513,1515407170
57.0730075,1515407237
57.01584485,1515407339
56.97894663,1515407405
56.94210619,1515407471
56.90476618,1515407538
56.86804207,1515407604
56.8308201,1515407671
56.79365753,1515407738
56.75710814,1515407804
56.70071171,1515407906
56.6643089,1515407972
56.62741291,1515408039
56.59112597,1515408105
56.55434755,1515408172
56.51817635,1515408238
56.48151538,1515408305
56.44491351,1515408372
56.39091746,1515408471
56.35446194,1515408538
56.31860866,1515408604
56.2828126,1515408670
56.24653222,1515408737
56.21031074,1515408804
56.17468787,1515408870
56.13858322,1515408937
56.08478343,1515409037
56.04936199,1515409103
56.01399753,1515409169
55.97815504,1515409236
55.94290529,1515409302
55.90717919,1515409369
55.87151166,1515409436
55.93701139,1515409502
56.36189775,1515409602
56.63427312,1515409668
56.90549722,1515409735
57.16746507,1515409801
57.42826573,1515409868
57.68010777,1515409934
57.9307714,1515410001
58.17643664,1515410068
58.54293578,1515410170
58.64630417,1515410236
58.60691281,1515410302
58.56698438,1515410369
58.52771166,1515410435
58.48790363,1515410502
58.44815621,1515410569
58.40906173,1515410635
58.34991671,1515410735
58.31097003,1515410801
58.27149285,1515410868
58.23266446,1515410934
58.19330731,1515411001
58.1545971,1515411067
58.11535988,1515411134
58.07618304,1515411201
58.44574724,1515411303
58.67754423,1515411369
58.90471119,1515411435
59,1515411502
59,1515411568
59,1515411635
59,1515411702
59,1515411768
58.94440924,1515411870
58.90457432,1515411936
58.86479845,1515412002
58.82447986,1515412069
58.78482294,1515412135
58.74462504,1515412202
58.70448791,1515412269
58.66500968,1515412335
58.60349166,1515412438
58.5641643,1515412504
58.5248958,1515412570
58.48509206,1515412637
58.44534893,1515412704
58.40625866,1515412770
58.36663578,1515412837
58.32707343,1515412904
58.26811548,1515413004
58.22929218,1515413070
58.18994021,1515413137
58.1512351,1515413203
58.11200305,1515413270
58.07283137,1515413337
58.0343038,1515413403
57.99525189,1515413470
57.94171117,1515413562
57.90338307,1515413628
57.86511341,1515413694
57.82632322,1515413761
57.78817127,1515413827
57.74950051,1515413894
57.71088988,1515413961
57.67291473,1515414027
57.61661394,1515414125
57.57821042,1515414192
57.5404392,1515414258
57.50215477,1515414325
57.4645008,1515414391
57.42633534,1515414458
57.38879851,1515414524
57.3507519,1515414591
57.29348826,1515414692
57.25615728,1515414758
57.21888429,1515414824
57.18110539,1515414891
57.14394917,1515414957
57.10628876,1515415024
57.06868798,1515415091
57.03170714,1515415157
56.97408483,1515415260
56.93669393,1515415327
56.89991972,1515415393
56.86264691,1515415460
57.12543963,1515415526
57.38706627,1515415593
57.63971054,1515415659
57.89117714,1515415726
58.26270129,1515415827
58.49813772,1515415893
58.72889032,1515415959
58.91763154,1515416026
58.87723335,1515416093
58.83749806,1515416159
58.79722064,1515416226
58.75700401,1515416293
58.69527188,1515416396
58.6558074,1515416462
58.61640183,1515416528
58.576459,1515416595
58.53717209,1515416661
58.49734967,1515416728
58.45758786,1515416795
58.41788665,1515416862
58.35753822,1515416964
58.31858006,1515417030
58.27909123,1515417097
58.24025137,1515417163
58.20088258,1515417230
58.16216091,1515417296
58.12291206,1515417363
58.08372359,1515417430
58.02415541,1515417532
57.9857018,1515417598
57.94730669,1515417664
57.9083892,1515417731
57.8701119,1515417797
57.83131396,1515417864
57.7925762,1515417931
57.75447588,1515417997
57.69568373,1515418099
57.65773192,1515418165
57.61926423,1515418232
57.58142983,1515418298
57.54308129,1515418365
57.50536419,1515418431
57.46713468,1515418498
57.42896509,1515418565
57.37094733,1515418667
57.33349623,1515418733
57.29610318,1515418799
57.25820246,1515418866
57.22092629,1515418932
57.18314417,1515418999
57.14542175,1515419066
57.10832113,1515419132
57.05051201,1515419235
57.01355957,1515419301
56.97610592,1515419368
56.93926993,1515419434
56.90193443,1515419501
56.86465841,1515419568
56.91489186,1515419634
57.18064523,1515419701
57.56951308,1515419801
57.82237329,1515419868
58.06650449,1515419934
58.3058255,1515420000
58.54396008,1515420067
58.77728063,1515420134
59,1515420200
59,1515420267
59,1515420369
58.96008278,1515420435
58.91962073,1515420502
58.87982255,1515420568
58.83948131,1515420635
47.5632249,1515420701
47.54314297,1515420768
48.11760257,1515420835
48.99215299,1515420937
49.55803856,1515421003
50.12392413,1515421069
50.69838373,1515421136
51.2642693,1515421202
51.83872889,1515421269
52.41318849,1515421336
52.97907406,1515421402
53.63069987,1515421478
54.19658544,1515421544
54.50922688,1515421610
54.82081961,1515421677
55.12204365,1515421743
55.42218336,1515421810
55.44228354,1515421877
55.40790475,1515421943
55.35590104,1515422043
55.32166393,1515422109
55.28696519,1515422176
55.2528414,1515422242
55.21825763,1515422309
55.18424703,1515422375
55.14977808,1515422442
55.11536691,1515422509
55.06460589,1515422608
55.03084923,1515422674
54.99663789,1515422741
54.96299393,1515422807
54.92889693,1515422874
54.89536551,1515422940
54.86138268,1515423007
54.82745732,1515423074
54.77640265,1515423175
54.74262122,1515423242
54.70940046,1515423308
54.67623528,1515423374
54.64262399,1515423441
54.6090699,1515423508
54.57607292,1515423574
54.54263225,1515423641
54.49230775,1515423742
54.45950715,1515423808
54.42626571,1515423875
54.39357649,1515423941
54.36044803,1515424008
54.32787003,1515424074
54.29485439,1515424141
54.26189553,1515424208
54.21671648,1515424300
54.18438212,1515424366
54.15161363,1515424433
54.11938997,1515424499
54.08673378,1515424566
54.05462066,1515424632
54.0220766,1515424699
53.98958895,1515424766
53.94166813,1515424865
53.90980294,1515424931
53.87799235,1515424997
53.84575518,1515425064
53.8140545,1515425130
53.78192882,1515425197
53.74985924,1515425264
53.71832353,1515425330
54.13257337,1515425428
54.44637708,1515425494
54.75913599,1515425561
55.061495,1515425627
55.362773,1515425694
55.65396054,1515425760
55.94403668,1515425827
56.22857605,1515425894
56.40244448,1515425995
56.36597032,1515426062
56.33009869,1515426128
56.29428428,1515426194
56.25798529,1515426261
56.22174522,1515426328
56.18610403,1515426394
56.1499808,1515426461
56.11014845,1515426535
56.07468625,1515426601
56.0387446,1515426668
56.00339723,1515426734
55.96757208,1515426801
55.93180557,1515426868
55.89663061,1515426934
55.86098039,1515427001
55.80785846,1515427101
55.77288401,1515427167
55.73796628,1515427233
55.70257702,1515427300
55.66777346,1515427366
55.63250004,1515427433
55.59728492,1515427500
55.5626528,1515427566
55.50974162,1515427667
55.47525243,1515427733
55.44029795,1515427800
55.40592241,1515427866
55.37108322,1515427933
55.33682119,1515427999
55.30209715,1515428066
55.26743107,1515428133
55.21526055,1515428234
55.18125489,1515428300
55.14679096,1515428367
55.11289832,1515428433
55.07854905,1515428500
55.0447693,1515428566
55.01053454,1515428633
54.97635741,1515428700
54.92441423,1515428802
54.89089027,1515428868
54.8574221,1515428934
54.82350343,1515429001
54.79014757,1515429067
54.75634284,1515429134
54.72259544,1515429201
54.68940818,1515429267
54.63820464,1515429369
54.60515877,1515429435
54.91496848,1515429502
55.21445731,1515429568
55.51285683,1515429635
55.80124428,1515429701
56.0885135,1515429768
56.37028223,1515429835
56.79097933,1515429937
57.05514994,1515430003
57.3142309,1515430069
57.57214104,1515430136
57.76626426,1515430202
57.74858548,1515430269
57.70997627,1515430336
57.67200252,1515430402
57.58353311,1515430556
57.5457537,1515430622
57.50803248,1515430688
57.46979879,1515430755
57.43219478,1515430821
57.39408001,1515430888
57.3560251,1515430955
57.31859712,1515431021
57.26027736,1515431124
57.22299796,1515431190
57.18521257,1515431257
57.14804995,1515431323
57.4092323,1515431390
57.66144504,1515431456
57.91247972,1515431523
58.15851064,1515431590
58.51836132,1515431690
58.74871044,1515431756
58.97787142,1515431823
59,1515431889
58.95947797,1515431956
58.91962073,1515432022
58.87921955,1515432089
58.83887921,1515432156
58.78417122,1515432247
58.74457426,1515432313
58.70503627,1515432379
58.66495905,1515432446
58.62553982,1515432512
58.58558312,1515432579
58.54628255,1515432645
58.50644627,1515432712
58.44648595,1515432813
58.40680167,1515432880
58.36776935,1515432946
58.32879579,1515433012
58.28929132,1515433079
58.25043606,1515433145
58.21105165,1515433212
58.17172767,1515433279
58.11371136,1515433378
58.07512175,1515433444
58.0365907,1515433510
57.99753526,1515433577
57.95912214,1515433643
57.92018638,1515433710
57.88131086,1515433777
57.84307489,1515433843
57.78291631,1515433947
57.74483077,1515434013
57.70680357,1515434079
57.6682594,1515434146
57.63034969,1515434212
57.59192474,1515434279
57.55355979,1515434346
57.51582655,1515434412
57.45931395,1515434511
57.42172613,1515434577
57.3836278,1515434644
57.34615706,1515434710
57.30817751,1515434777
57.27082373,1515434843
57.23296287,1515434910
57.19516174,1515434977
57.13826797,1515435078
57.10117851,1515435144
57.06358583,1515435211
57.02661296,1515435277
56.98913857,1515435344
56.95228217,1515435410
56.91492596,1515435477
56.87762923,1515435544
57.26781727,1515435645
57.52277946,1515435711
57.77656626,1515435778
58.02159712,1515435844
58.26544442,1515435911
49.61338593,1515435978
49.58944989,1515436044
50.16390948,1515436111
51.03845991,1515436213
51.60434548,1515436279
52.17023105,1515436345
52.74469065,1515436412
53.31057622,1515436478
53.88503581,1515436545
54.45949541,1515436612
54.42675012,1515436678
54.37622916,1515436780
54.34362447,1515436846
54.31107494,1515436912
54.27808817,1515436979
54.24564965,1515437045
54.2127755,1515437112
54.17995803,1515437179
54.14768614,1515437245
54.09789628,1515437347
54.06576412,1515437413
54.03368677,1515437479
54.00117899,1515437546
53.96921196,1515437612
53.93681609,1515437679
53.90447653,1515437746
53.87267507,1515437812
53.82361168,1515437914
53.79194906,1515437980
53.76034088,1515438046
53.72830903,1515438113
53.69633321,1515438180
53.66488978,1515438246
53.63302504,1515438313
53.6012162,1515438380
53.55145405,1515438485
53.51978854,1515438552
53.48865056,1515438618
53.45756662,1515438684
53.42606652,1515438751
53.39462203,1515438818
53.36370159,1515438884
44.71164311,1515438951
45.36572984,1515439043
45.93161541,1515439109
46.49750098,1515439175
47.07196058,1515439242
47.63784615,1515439308
48.21230574,1515439375
48.78676534,1515439442
49.35265091,1515439508
50.23577536,1515439611
50.80166093,1515439677
51.3675465,1515439743
51.94200609,1515439810
52.50789167,1515439876
53.08235126,1515439943
53.65681085,1515440010
54.22269642,1515440076
54.17221937,1515440179
54.13996065,1515440245
54.10775683,1515440311
54.07512076,1515440378
54.04302745,1515440444
54.01050348,1515440511
53.97852051,1515440577
53.94610846,1515440644
53.90988938,1515440719
53.87807864,1515440785
53.84584131,1515440852
53.81414049,1515440918
53.78201466,1515440985
53.75042358,1515441051
53.71840907,1515441118
45.06635058,1515441185
45.0446468,1515441285
45.61053237,1515441351
46.18499196,1515441418
46.75087753,1515441484
47.32533713,1515441551
47.8912227,1515441617
48.46568229,1515441684
49.04014189,1515441751
49.89754427,1515441851
50.46342984,1515441917
51.03788943,1515441984
51.603775,1515442050
52.1782346,1515442117
52.75269419,1515442184
53.31857976,1515442250
53.2873254,1515442317
53.24914161,1515442399
53.21847505,1515442465
53.18786216,1515442531
53.15683986,1515442598
53.12633497,1515442664
53.09542222,1515442731
53.0645646,1515442798
53.03422178,1515442864
52.98741085,1515442966
52.95720389,1515443032
52.92659334,1515443099
52.8964937,1515443165
52.86599201,1515443232
52.83554508,1515443299
52.80560648,1515443365
52.77526812,1515443432
52.73052052,1515443531
52.70031745,1515443598
52.67061886,1515443664
52.64097312,1515443730
52.6109318,1515443797
52.58094484,1515443864
52.55145895,1515443930
52.52157976,1515443997
52.47617458,1515444099
52.44687601,1515444165
52.41718681,1515444232
52.38799397,1515444298
52.35841201,1515444365
52.32932471,1515444431
52.2998498,1515444498
52.27042873,1515444565
52.22615867,1515444666
52.19730955,1515444732
52.16807621,1515444799
52.13933201,1515444865
52.11020506,1515444932
52.08113165,1515444999
52.05254484,1515445065
52.02357753,1515445132
51.97912776,1515445235
51.95072615,1515445301
52.08171915,1515445367
52.4372503,1515445434
52.78127251,1515445500
53.12437002,1515445567
53.45627396,1515445633
53.78720082,1515445700
54.28666894,1515445803
54.59767207,1515445869
54.90299495,1515445935
55.03651487,1515446002
55.00280476,1515446068
54.96864065,1515446135
54.93453412,1515446202
54.90099333,1515446268
54.84975115,1515446369
54.81635152,1515446435
54.78300759,1515446501
54.74921496,1515446568
54.71598318,1515446634
54.68230431,1515446701
54.64868269,1515446768
54.61561925,1515446834
54.56260644,1515446940
54.52968753,1515447006
54.49632606,1515447073
54.46351869,1515447139
54.43027038,1515447206
54.39707901,1515447273
54.36443908,1515447339
54.33136063,1515447406
54.28158174,1515447507
54.2491373,1515447573
54.21674789,1515447639
54.18392356,1515447706
54.15164493,1515447772
54.11893298,1515447839
54.08627758,1515447906
54.05416524,1515447972
54.00462175,1515448074
53.97216439,1515448141
53.94024699,1515448207
53.90838423,1515448273
53.87609413,1515448340
53.84386026,1515448407
53.81216284,1515448473
53.78004046,1515448540
53.72978733,1515448645
53.69828621,1515448711
53.66683941,1515448777
53.63497126,1515448844
53.60363381,1515448910
53.57187657,1515448977
53.54017514,1515449044
53.50900181,1515449110
53.46090839,1515449212
53.4294024,1515449279
53.39842143,1515449345
53.43275804,1515449411
53.76411181,1515449478
54.08943064,1515449545
54.4040168,1515449611
54.71756082,1515449678
55.14009613,1515449770
55.43542155,1515449836
55.72525482,1515449902
56.01397336,1515449969
56.29294577,1515450035
56.57077927,1515450102
56.84323656,1515450169
56.97277035,1515450235
56.91417595,1515450340
56.87743707,1515450406
56.8402001,1515450473
56.80357745,1515450539
56.76645842,1515450606
56.72995187,1515450672
56.69295065,1515450739
56.65600871,1515450806
56.60701532,1515450895
56.57076067,1515450961
56.53456345,1515451027
56.49787607,1515451094
56.46124782,1515451161
56.42522447,1515451227
56.38871349,1515451294
56.35226154,1515451361
56.76522935,1515451461
57.02989451,1515451527
57.28946332,1515451593
57.54786191,1515451660
57.79737106,1515451726
58.04569983,1515451793
58.28906407,1515451860
58.52397725,1515451926
58.4810005,1515452026
58.44185669,1515452092
58.40277167,1515452158
58.36315412,1515452225
58.3241875,1515452291
58.28469008,1515452358
58.24525316,1515452425
58.20587669,1515452492
58.16186621,1515452567
58.12320361,1515452633
58.0845996,1515452699
58.04547014,1515452766
58.00698412,1515452832
57.96797439,1515452899
57.92902494,1515452966
57.89071617,1515453032
57.83102248,1515453135
57.79286335,1515453201
57.75476258,1515453267
57.71614377,1515453334
57.67816055,1515453400
57.63966102,1515453467
57.60122153,1515453534
57.56341488,1515453600
57.47419132,1515453756
57.43658053,1515453822
57.39902785,1515453888
57.36096517,1515453955
57.32352953,1515454021
57.28558561,1515454088
57.24770147,1515454155
57.21044162,1515454221
57.15238412,1515454324
57.11527265,1515454390
57.07821906,1515454456
57.04066278,1515454523
57.00372574,1515454589
56.96628772,1515454656
56.92890922,1515454723
56.89159022,1515454790
56.83542287,1515454891
56.79880773,1515454957
56.76169632,1515455024
56.72519729,1515455090
56.68820367,1515455157
56.65126935,1515455224
56.61494467,1515455290
56.57812796,1515455357
56.52162014,1515455460
56.48550088,1515455526
56.44889258,1515455593
56.70065487,1515455659
56.97058786,1515455726
57.23525143,1515455793
57.49084558,1515455859
57.74526498,1515455926
57.74526498,1515456291
57.74526498,1515456357
57.74526498,1515456423
57.74526498,1515456490
57.74526498,1515456556
57.74526498,1515456623
57.74526498,1515456690
57.74526498,1515456756
57.74526498,1515456860
57.74526498,1515456926
57.74526498,1515456992
57.74526498,1515457059
57.74526498,1515457125
57.74526498,1515457192
57.74526498,1515457258
57.74526498,1515457325
57.74526498,1515457426
57.74526498,1515457492
57.74526498,1515457558
57.74526498,1515457625
57.74526498,1515457691
57.74526498,1515457758
57.74526498,1515457824
57.74526498,1515457891
57.74526498,1515457994
57.74526498,1515458060
57.74526498,1515458126
57.74526498,1515458193
57.74526498,1515458259
57.74526498,1515458326
57.70666094,1515458393
57.66869227,1515458459
57.61010351,1515458561
57.57171017,1515458628
57.53394896,1515458694
57.49624594,1515458760
57.45803072,1515458827
57.4198754,1515458894
57.38234856,1515458960
57.34431209,1515459027
57.28593009,1515459130
57.24861085,1515459196
57.21134959,1515459262
57.1735826,1515459329
57.13643809,1515459395
57.09878957,1515459462
57.06120068,1515459529
57.02423153,1515459595
56.96718674,1515459697
56.93036472,1515459763
57.12297829,1515459830
57.38074768,1515459896
57.63734473,1515459963
57.88510439,1515460029
58.13168232,1515460096
58.37332127,1515460163
58.72671336,1515460263
58.95289513,1515460329
59,1515460395
59,1515460462
58.96008278,1515460528
58.91962073,1515460595
58.87921955,1515460662
58.83948131,1515460728
58.78417088,1515460820
58.74457392,1515460886
58.70503593,1515460952
58.66495871,1515461019
58.62553948,1515461085
58.58558278,1515461152
58.54568675,1515461219
58.50644593,1515461285
58.41561495,1515461438
58.65153323,1515461505
58.87922095,1515461571
59,1515461637
59,1515461704
59,1515461771
59,1515461837
59,1515461904
59,1515462003
58.95947797,1515462070
58.91962073,1515462136
58.87982255,1515462202
58.83948131,1515462269
58.79920089,1515462336
58.75958156,1515462402
58.71942182,1515462469
58.65837558,1515462571
58.61896618,1515462637
58.57961568,1515462703
58.53972872,1515462770
58.4999024,1515462837
58.46073023,1515462903
58.42102423,1515462970
58.3813788,1515463037
58.32170607,1515463138
58.28221246,1515463205
58.24336788,1515463271
58.20458198,1515463337
58.16526794,1515463404
58.12601431,1515463471
58.08740603,1515463537
58.04827224,1515463604
57.98878728,1515463706
57.95038747,1515463772
57.91146522,1515463839
57.87318323,1515463905
57.83495967,1515463971
57.79621626,1515464038
57.757533,1515464105
57.71890987,1515464172
57.66653323,1515464263
57.62862617,1515464329
57.59020391,1515464396
57.55241422,1515464462
57.51411105,1515464529
57.47643863,1515464595
57.43825445,1515464662
57.40069919,1515464728
57.34218088,1515464831
57.30477436,1515464897
57.26685997,1515464964
57.22957035,1515465030
57.19177458,1515465097
57.15460175,1515465163
57.11692447,1515465230
57.07930685,1515465297
57.02156842,1515465400
56.98466125,1515465466
56.94781186,1515465532
56.91046277,1515465599
56.88228467,1515465665
57.14867544,1515465732
57.40984549,1515465799
57.66586752,1515465866
58.04790587,1515465968
58.28759425,1515466034
58.52609635,1515466101
58.7562911,1515466167
58.92512913,1515466234
58.88532279,1515466300
58.84497326,1515466367
58.80468455,1515466434
58.7440425,1515466535
58.70390625,1515466602
58.66442888,1515466668
58.62501044,1515466734
58.58505454,1515466801
58.54575477,1515466867
58.50591929,1515466934
58.46614443,1515467001
58.40805492,1515467099
58.36902072,1515467165
58.33004527,1515467231
58.29053889,1515467298
58.25168175,1515467364
58.21229543,1515467431
58.17296954,1515467498
58.13429012,1515467564
48.62482044,1515467664
46.90999803,1515467730
45.19517563,1515467796
43.45437107,1515467863
41.73954867,1515467929
41.73317997,1515467996
42.30763956,1515468063
42.87352513,1515468129
43.75664958,1515468232
44.32253515,1515468298
44.88842072,1515468364
45.46288032,1515468431
46.02876589,1515468497
46.60322548,1515468564
47.17768508,1515468631
47.74357065,1515468697
48.61812107,1515468799
49.19258067,1515468866
49.75846624,1515468932
50.33292583,1515468999
50.8988114,1515469065
51.473271,1515469132
52.03915657,1515469198
52.61361616,1515469265
53.50531464,1515469369
35,1515469435
35,1515469501
35,1515469567
35.01368821,1515469634
35.58814781,1515469701
36.15403338,1515469767
36.72849297,1515469834
37.6030434,1515469936
38.16892897,1515470002
38.73481454,1515470068
39.30927413,1515470135
39.8751597,1515470201
40.4496193,1515470268
41.02407889,1515470335
41.58996446,1515470401
42.46451489,1515470503
43.03040046,1515470569
43.60486006,1515470636
44.17074563,1515470702
44.74520522,1515470769
45.31109079,1515470835
45.88555038,1515470902
46.46000998,1515470969
47.30026431,1515471067
47.87472391,1515471134
48.44060948,1515471200
49.01506907,1515471267
49.58095464,1515471333
50.15541423,1515471400
50.72129981,1515471466
51.2957594,1515471533
51.85795781,1515471635
52.21206282,1515471701
52.56001891,1515471767
52.90706851,1515471834
53.24282367,1515471900
53.57761779,1515471967
53.87293547,1515472034
53.84118813,1515472100
53.79412908,1515472198
53.76251715,1515472264
53.73095964,1515472330
53.69897918,1515472397
53.66753119,1515472463
53.63566182,1515472530
53.60384835,1515472597
53.57256473,1515472663
53.52524736,1515472763
53.49362798,1515472830
53.46253539,1515472896
53.43149681,1515472962
53.40004273,1515473029
53.36864422,1515473096
53.33776903,1515473162
53.30648068,1515473229
53.26452602,1515473319
53.23336751,1515473386
53.20272855,1515473452
53.17167982,1515473519
53.1411489,1515473585
53.11020976,1515473652
53.07978671,1515473718
53.04895698,1515473785
53.00210597,1515473887
52.97187311,1515473953
52.94169355,1515474019
52.91111079,1515474086
52.88058287,1515474153
52.85056456,1515474219
52.82014535,1515474286
52.78978083,1515474353
52.74454222,1515474453
52.71476504,1515474519
52.68504076,1515474585
52.65491978,1515474652
52.62530199,1515474718
52.59528902,1515474785
52.56533039,1515474852
52.53587238,1515474918
52.46725983,1515475072
52.43797723,1515475138
52.40874711,1515475204
52.37912733,1515475271
52.35000281,1515475337
52.32049014,1515475404
52.29103136,1515475471
52.63761001,1515475537
53.16900657,1515475640
53.50011725,1515475706
53.82532029,1515475772
54.14951971,1515475839
54.46301588,1515475905
54.7754662,1515475972
55.08210154,1515476039
55.30744714,1515476105
55.25414078,1515476208
55.22007104,1515476274
55.18605745,1515476340
55.15158546,1515476407
55.11768491,1515476473
55.0833276,1515476540
55.049028,1515476607
55.01478607,1515476674
54.96274432,1515476776
54.92915664,1515476842
54.89562479,1515476908
54.86164153,1515476975
54.82822208,1515477041
54.79435283,1515477108
54.76054097,1515477175
54.72729025,1515477241
54.67548575,1515477344
54.64237737,1515477410
54.6093245,1515477476
54.57582714,1515477543
54.542886,1515477609
54.50950198,1515477676
54.47617501,1515477743
54.4434016,1515477809
54.39184575,1515477913
54.35921467,1515477979
54.32663875,1515478045
54.29362523,1515478112
54.26116037,1515478178
54.22825951,1515478245
54.19541533,1515478312
54.16311717,1515478378
54.11426378,1515478478
54.08210373,1515478544
54.04951206,1515478611
54.01746245,1515478677
53.98498281,1515478744
53.95255955,1515478811
53.9206757,1515478877
53.88836422,1515478944
53.8387778,1515479047
53.80708911,1515479113
53.77545489,1515479179
53.74339662,1515479246
53.71187205,1515479312
53.67992499,1515479379
53.6480339,1515479446
53.61667388,1515479512
53.81734991,1515479578
54.13685421,1515479644
54.45058023,1515479710
54.7632612,1515479777
55.06554436,1515479843
55.36674627,1515479910
55.66227062,1515479977
55.94786149,1515480043
56.59746324,1515480196
56.86534368,1515480262
57.10292254,1515480329
57.13305308,1515480395
57.09540992,1515480462
57.05782638,1515480529
57.02086251,1515480595
56.98339726,1515480662
56.92645126,1515480764
56.88913617,1515480831
56.85243661,1515480897
56.81523953,1515480964
56.77865616,1515481030
56.74157697,1515481097
56.70455712,1515481164
56.66814823,1515481230
56.61692585,1515481323
56.58065551,1515481389
56.54444261,1515481455
56.50773931,1515481522
56.78141931,1515481589
57.04577355,1515481655
57.30896388,1515481722
57.56697792,1515481789
57.95200583,1515481891
58.19358606,1515481957
58.43398084,1515482024
58.5365936,1515482090
58.49677206,1515482157
58.45701113,1515482224
58.41790335,1515482290
58.37826268,1515482357
58.31741564,1515482460
58.27851795,1515482526
58.23967895,1515482592
58.20031104,1515482659
58.16159024,1515482725
58.12234226,1515482792
58.08373956,1515482858
58.04461142,1515482925
57.98630126,1515483025
57.94732348,1515483092
57.90898682,1515483158
57.87012864,1515483225
57.83190975,1515483291
57.79317106,1515483358
57.75449254,1515483425
57.71645054,1515483491
57.65832399,1515483592
57.62042954,1515483658
57.58202007,1515483725
57.54424299,1515483791
57.5059526,1515483858
57.46829277,1515483924
57.43012136,1515483991
57.39200985,1515484058
57.3346484,1515484159
57.29725356,1515484225
57.25935102,1515484292
57.22207307,1515484358
57.18428914,1515484425
57.14656491,1515484492
57.10946251,1515484558
57.07185671,1515484625
57.01469684,1515484727
56.97780042,1515484793
56.94040362,1515484860
56.90362359,1515484926
56.86634487,1515484993
56.82968112,1515485059
56.79252038,1515485126
56.75541902,1515485193
56.69681525,1515485299
56.66041858,1515485365
56.62407943,1515485431
56.58724804,1515485498
56.5510247,1515485564
56.51431081,1515485631
56.47765606,1515485698
56.61581857,1515485764
56.92388253,1515485840
57.18549622,1515485906
57.44205502,1515485972
57.6974401,1515486039
57.9440229,1515486105
58.18942313,1515486172
58.42990163,1515486239
58.59627659,1515486306
58.53551463,1515486408
58.49569472,1515486475
58.45652886,1515486541
58.41682927,1515486608
58.37778187,1515486674
40.13830722,1515486741
38.42348482,1515486807
35,1515486874
35,1515486975
35,1515487041
35,1515487107
35,1515487174
35,1515487240
35,1515487307
35,1515487374
35,1515487440
35,1515487543
35,1515487609
35,1515487675
35,1515487742
35,1515487808
35,1515487875
35,1515487942
35,1515488008
35.94021861,1515488111
36.50610419,1515488177
37.07198976,1515488243
37.64644935,1515488310
38.21233492,1515488376
38.78679451,1515488443
39.36125411,1515488510
39.92713968,1515488576
40.80169011,1515488678
41.3761497,1515488745
41.94203527,1515488811
42.50792084,1515488877
43.08238044,1515488944
43.65684003,1515489011
44.2227256,1515489077
44.7971852,1515489144
45.67173562,1515489246
46.24619522,1515489313
46.81208079,1515489379
47.38654038,1515489446
47.95242595,1515489512
48.52688555,1515489579
49.09277112,1515489645
49.66723071,1515489712
50.54178114,1515489814
51.11624073,1515489881
51.6821263,1515489947
52.2565859,1515490014
35,1515490080
35,1515490147
35,1515490214
35,1515490280
35,1515490372
35.01368821,1515490439
35.57957378,1515490505
36.14545935,1515490571
36.71991895,1515490638
37.29437854,1515490705
37.86026411,1515490771
38.43472371,1515490838
39.29212609,1515490938
39.85801166,1515491004
40.43247125,1515491071
40.99835682,1515491137
41.57281642,1515491204
42.13870199,1515491270
42.71316158,1515491337
43.28762117,1515491404
44.15359758,1515491505
44.71948315,1515491571
45.28536872,1515491637
45.85982831,1515491704
46.42571388,1515491770
47.00017348,1515491837
47.57463307,1515491904
48.14051864,1515491970
49.02364309,1515492073
49.58952866,1515492139
50.16398826,1515492206
50.72987383,1515492272
51.30433342,1515492339
51.27676032,1515492406
51.24964999,1515492472
51.22218007,1515492539
51.18002997,1515492642
51.15309969,1515492708
51.12621965,1515492774
51.09898327,1515492841
51.07179854,1515492908
51.04507039,1515492974
51.01798804,1515493041
50.99095719,1515493108
50.96236706,1515493179
50.93584397,1515493245
50.90937068,1515493311
50.8825468,1515493378
50.85577413,1515493445
50.82945146,1515493511
50.8027803,1515493578
50.77616021,1515493645
50.73531519,1515493748
50.70921982,1515493814
50.68317381,1515493880
50.65678321,1515493947
50.63083649,1515494013
50.60454659,1515494080
50.57830733,1515494147
50.55250953,1515494213
50.51232586,1515494316
50.48665356,1515494382
50.46064193,1515494449
50.43506811,1515494515
50.40915634,1515494582
50.3832948,1515494649
50.35786867,1515494715
50.33210666,1515494782
50.29257933,1515494885
50.26732688,1515494951
50.24174098,1515495018
50.21658608,1515495084
50.1910991,1515495151
50.16604152,1515495217
50.14065324,1515495284
50.11531459,1515495351
50.07756969,1515495451
50.35043134,1515495517
50.73021787,1515495583
51.10926656,1515495650
51.48178523,1515495717
51.84237322,1515495783
52.20211713,1515495850
52.55024654,1515495916
53.08403824,1515496019
53.41665831,1515496085
53.59647924,1515496152
53.56520837,1515496218
53.53351867,1515496285
53.50188472,1515496352
53.47077781,1515496418
53.43925441,1515496485
53.39604492,1515496577
53.36512201,1515496643
53.33378524,1515496710
53.30250395,1515496777
53.27174414,1515496843
53.24057282,1515496910
53.20992126,1515496976
53.17885973,1515497043
53.13258171,1515497143
53.10165783,1515497210
53.0712498,1515497276
53.04043531,1515497343
53.01013495,1515497409
52.97942965,1515497476
52.9487793,1515497543
52.91864049,1515497609
52.87260043,1515497710
52.84259623,1515497776
52.81264515,1515497842
52.78229413,1515497909
52.75199774,1515497976
52.72220731,1515498042
52.69201924,1515498109
52.66188566,1515498176
52.61699143,1515498276
52.58744123,1515498342
52.55794374,1515498408
52.52805279,1515498475
52.49821607,1515498542
52.46887804,1515498608
52.43914882,1515498675
52.40947369,1515498742
52.36968414,1515498832
52.34057659,1515498898
52.31108113,1515498965
52.28207896,1515499031
52.25269038,1515499098
52.22335558,1515499165
52.19451152,1515499231
52.16528331,1515499298
52.1369796,1515499363
52.10829164,1515499429
52.08602457,1515499496
52.43617444,1515499562
52.78542824,1515499629
53.12845134,1515499696
53.46028278,1515499762
53.79113685,1515499829
54.29049431,1515499932
54.6014278,1515499998
54.91130692,1515500065
55.2108633,1515500131
55.50933056,1515500198
55.80215441,1515500265
56.08330947,1515500331
56.16593659,1515500398
56.11584095,1515500491
56.0803696,1515500557
56.04495526,1515500623
56.00906217,1515500690
55.97322776,1515500757
55.93798595,1515500823
55.90226791,1515500890
55.86660844,1515500957
55.81241,1515501059
55.77742817,1515501125
55.7419739,1515501192
55.70710633,1515501258
55.67176797,1515501325
55.63648795,1515501392
55.60179194,1515501458
55.56662762,1515501525
55.51318254,1515501627
55.80593332,1515501694
56.08882677,1515501760
56.37058948,1515501827
56.6427994,1515501893
56.91385777,1515501960
57.17566458,1515502026
57.43630401,1515502093
57.70940403,1515502196
57.67143116,1515502262
57.63351657,1515502328
57.59508667,1515502395
57.55671679,1515502462
57.51897868,1515502528
57.48072784,1515502595
57.44310695,1515502661
57.38448627,1515502764
57.3470142,1515502830
57.30903331,1515502897
57.2716782,1515502963
57.23381599,1515503030
57.19601351,1515503097
57.15883408,1515503163
57.12115011,1515503230
57.06443285,1515503331
57.02745866,1515503397
56.99054227,1515503463
56.9531252,1515503530
56.91632523,1515503596
56.87902627,1515503663
56.84178677,1515503730
56.8046067,1515503797
56.74809462,1515503899
56.71161703,1515503965
56.675197,1515504031
56.63828354,1515504098
56.6019794,1515504164
56.56518353,1515504231
56.52844684,1515504298
56.49231674,1515504364
56.43602142,1515504467
56.40003819,1515504533
56.36411226,1515504599
56.32770012,1515504666
56.29188955,1515504732
56.25559444,1515504799
56.21935825,1515504866
56.18372089,1515504932
56.12873321,1515505034
56.09324116,1515505100
56.05726924,1515505167
56.02189205,1515505233
55.98603666,1515505300
55.95023991,1515505367
55.9150352,1515505433
55.87935478,1515505500
55.82512448,1515505602
55.79012206,1515505668
55.75464688,1515505735
55.73935054,1515505801
56.02780041,1515505868
56.31073449,1515505935
56.58408309,1515506001
56.85628213,1515506068
57.26658916,1515506171
57.52157519,1515506237
57.77159763,1515506303
58.00393675,1515506370
57.99043228,1515506437
57.95202997,1515506503
57.91310517,1515506570
57.87424062,1515506637
57.81458618,1515506740
57.77645218,1515506806
57.73837654,1515506872
57.69978321,1515506939
57.6618251,1515507005
57.62335104,1515507072
57.584937,1515507139
57.54715543,1515507205
57.49057037,1515507304
57.45293428,1515507370
57.41478696,1515507437
57.37669952,1515507504
57.33923951,1515507570
57.30127085,1515507637
57.26336199,1515507704
57.2260778,1515507770
57.16798234,1515507873
57.13084656,1515507939
57.09320689,1515508006
57.05618774,1515508072
57.01866641,1515508139
56.98120465,1515508206
56.94436067,1515508272
56.90701707,1515508339
56.84969969,1515508442
56.8130621,1515508508
56.77648215,1515508574
56.73940644,1515508641
56.70294255,1515508707
56.6659846,1515508774
56.62908592,1515508841
56.59224649,1515508908
56.53625272,1515509010
56.50011023,1515509076
56.46402512,1515509142
56.42745148,1515509209
56.3909369,1515509276
56.35502547,1515509342
56.31862804,1515509409
56.28228958,1515509476
56.22651658,1515509579
56.19086776,1515509645
56.15527604,1515509711
56.11920299,1515509778
56.08372625,1515509844
56.04776984,1515509911
56.25015038,1515509978
56.52465002,1515510044
56.94487797,1515510147
57.20608706,1515510213
57.46224676,1515510279
57.71723233,1515510346
57.96342719,1515510412
58.20843922,1515510479
58.44853522,1515510546
58.68027666,1515510612
58.76157622,1515510715
58.7220129,1515510781
58.68190998,1515510848
58.64246544,1515510914
58.60248306,1515510981
58.56256136,1515511048
58.52329526,1515511114
58.48349395,1515511181
58.42358633,1515511282
58.38452878,1515511348
58.34552998,1515511414
58.30599991,1515511481
58.26653034,1515511548
58.22770944,1515511614
58.1883599,1515511681
58.42885978,1515511748
58.78057702,1515511848
59,1515511914
59,1515511980
59,1515512047
59,1515512114
59,1515512180
59,1515512247
58.95947797,1515512314
58.89788041,1515512416
58.85811448,1515512482
58.81780596,1515512549
58.77815896,1515512615
58.73797113,1515512682
58.69844298,1515512748
58.65837575,1515512815
58.61836923,1515512882
58.5581524,1515512983
58.51889291,1515513049
58.47969225,1515513115
58.43995735,1515513182
58.40087518,1515513248
58.36126052,1515513315
58.32170639,1515513382
58.28280223,1515513448
58.2233569,1515513549
58.18460124,1515513615
58.14590421,1515513681
58.10668036,1515513748
58.06810141,1515513814
58.02899738,1515513881
57.98995366,1515513948
57.95155208,1515514014
57.89287552,1515514115
57.85404229,1515514182
57.81584797,1515514248
57.77771204,1515514314
57.73905754,1515514381
57.70046316,1515514448
57.662504,1515514514
57.62402888,1515514581
57.56497284,1515514684
57.52722201,1515514750
57.48952937,1515514816
57.45132467,1515514883
57.4137492,1515514949
57.37566339,1515515016
57.33763743,1515515083
57.30023796,1515515149
57.24762045,1515515242
57.21036073,1515515308
57.17315896,1515515374
57.13545233,1515515441
57.09836727,1515515507
57.06077904,1515515574
57.02325043,1515515641
56.98634062,1515515707
56.92882913,1515515810
56.89206726,1515515876
57.0218986,1515515942
57.28555701,1515516009
57.54017477,1515516075
57.79361678,1515516142
58.04202039,1515516209
58.28182499,1515516275
58.6486562,1515516378
58.87640149,1515516444
58.92880469,1515516510
58.88838969,1515516577
58.84803554,1515516644
58.80834361,1515516710
58.76811019,1515516777
58.72793755,1515516844
58.66806906,1515516944
58.62864518,1515517010
58.58928021,1515517076
58.54937856,1515517143
58.51013221,1515517209
58.47035094,1515517276
58.43063027,1515517343
58.39156213,1515517409
58.36260061,1515517458
58.32363483,1515517524
58.28472776,1515517590
58.24529078,1515517657
58.20591426,1515517724
58.16718498,1515517790
58.1279284,1515517857
58.08873221,1515517924
58.02915229,1515518026
57.99069108,1515518092
57.95228837,1515518158
57.91336318,1515518225
57.87507829,1515518291
57.83627265,1515518358
57.7975272,1515518425
57.7594193,1515518491
57.70003894,1515518594
57.66208044,1515518660
57.62360597,1515518727
57.58576489,1515518793
57.54740957,1515518860
57.50911423,1515518927
57.47144952,1515518993
57.43327316,1515519060
57.38093414,1515519152
57.34346757,1515519218
57.30549226,1515519285
57.26814265,1515519351
57.23028601,1515519418
57.19248911,1515519485
57.15531516,1515519551
57.11763676,1515519618
57.06092789,1515519719
57.02395917,1515519785
56.98704826,1515519851
56.94963675,1515519918
56.91228475,1515519985
56.87554884,1515520051
57.09725387,1515520118
57.35943405,1515520185
57.75455128,1515520288
58.00001421,1515520354
58.24064787,1515520420
58.48009563,1515520487
58.71120804,1515520553
58.94113231,1515520620
59,1515520687
59,1515520753
58.93891455,1515520854
58.89908777,1515520920
58.85871751,1515520987
58.81900971,1515521053
58.77876019,1515521120
58.73857145,1515521187
58.6990424,1515521253
58.65897426,1515521320
58.59866457,1515521421
58.55934442,1515521487
58.52008314,1515521553
58.48028672,1515521620
58.44055092,1515521687
58.67245142,1515521753
58.90316384,1515521820
59,1515521887
59,1515521979
59,1515522046
59,1515522112
59,1515522179
59,1515522245
58.95947797,1515522312
58.91901683,1515522379
58.87921955,1515522445
58.81660172,1515522549
58.77635583,1515522616
58.7367705,1515522682
58.69664525,1515522749
58.65717872,1515522815
58.61717402,1515522882
58.57782619,1515522948
58.53794195,1515523015
58.4767206,1515523118
58.43758322,1515523184
58.39791252,1515523251
58.35889358,1515523317
58.31934307,1515523384
58.28044248,1515523450
58.24101206,1515523517
58.2016421,1515523584
58.14238446,1515523685
58.10375137,1515523751
58.06517687,1515523817
58.02607734,1515523884
57.98762081,1515523950
57.94864099,1515524017
57.90972143,1515524084
57.87086212,1515524151
57.81179482,1515524253
57.77366509,1515524319
57.73501688,1515524386
57.69700473,1515524452
57.65847582,1515524519
57.62000698,1515524586
57.58217143,1515524652
57.54382173,1515524719
57.48495842,1515524822
57.447331,1515524888
57.4097617,1515524954
57.37168216,1515525021
57.33422992,1515525087
57.29626915,1515525154
57.25836817,1515525221
57.22109174,1515525287
57.17936195,1515525361
57.14220844,1515525427
57.10455078,1515525494
57.06751393,1515525560
57.02997463,1515525627
56.9924949,1515525694
56.95563324,1515525760
56.9182717,1515525827
56.95260111,1515525932
57.21761677,1515525999
57.47355293,1515526065
57.72831472,1515526132
57.97429228,1515526198
58.21908687,1515526265
58.45896863,1515526332
58.69050217,1515526398
58.89619936,1515526501
58.85643592,1515526567
58.81612993,1515526634
58.77648543,1515526700
58.73630013,1515526767
58.69617559,1515526834
58.65670976,1515526900
58.61670577,1515526967
58.55649275,1515527068
58.51723574,1515527134
58.47803756,1515527200
58.43830518,1515527267
58.3992255,1515527333
58.35961336,1515527400
58.32006175,1515527467
58.28116007,1515527533
58.22054147,1515527636
58.18179007,1515527702
58.14251104,1515527769
58.10387776,1515527835
58.0647186,1515527902
58.02561978,1515527969
57.98716394,1515528035
57.94818483,1515528102
57.85698693,1515528259
57.81820934,1515528326
57.7800698,1515528392
57.74198862,1515528458
57.70338967,1515528525
57.66485082,1515528592
57.62694635,1515528658
57.5885267,1515528725
57.53012845,1515528827
57.49243133,1515528893
57.45422208,1515528960
57.41664213,1515529026
57.37855178,1515529093
57.34052128,1515529160
57.30311733,1515529226
57.26520556,1515529293
57.21266472,1515529386
57.17545936,1515529452
57.13831194,1515529518
57.10066044,1515529585
57.06362966,1515529651
57.02609652,1515529718
56.98862296,1515529785
56.95176736,1515529851
56.89434042,1515529954
56.85763268,1515530020
56.92003392,1515530086
57.18568673,1515530153
57.44224183,1515530219
57.69762322,1515530286
57.94793848,1515530353
58.18959887,1515530419
58.54851673,1515530519
58.7782639,1515530585
59,1515530652
59,1515530718
59,1515530785
58.96008278,1515530851
58.91962073,1515530918
58.87921955,1515530985
58.81720381,1515531088
58.77755771,1515531154
58.73797059,1515531220
58.69784353,1515531287
58.65837521,1515531353
58.6183687,1515531420
58.57842288,1515531487
58.53913303,1515531553
58.47790889,1515531656
58.43876973,1515531722
58.67070572,1515531788
58.90145362,1515531855
59,1515531921
59,1515531988
59,1515532055
59,1515532121
59,1515532224
59,1515532290
58.96008278,1515532356
58.91962073,1515532423
58.87982255,1515532489
58.83948131,1515532556
58.79920089,1515532623
58.75958156,1515532689
58.69964164,1515532789
58.66017064,1515532855
58.6201614,1515532922
58.58080911,1515532988
58.54092034,1515533055
